Date,Home Team,Away Team,Home Score,Away Score,Overtime?,Playoff Game?,Neutral Venue?,Home Line Close,Total Score Close,Notes
2022-10-31,Cleveland Browns,Cincinnati Bengals,,,,,,3.5,47,
2022-10-30,Buffalo Bills,Green Bay Packers,,,,,,-11,47.5,
2022-10-30,Houston Texans,Tennessee Titans,,,,,,2,40.5,
2022-10-30,Seattle Seahawks,New York Giants,,,,,,-3,45,
2022-10-30,Los Angeles Rams,San Francisco 49ers,,,,,,1.5,43.5,
2022-10-30,Indianapolis Colts,Washington Commanders,,,,,,-3,40,
2022-10-30,Minnesota Vikings,Arizona Cardinals,,,,,,-4,49,
2022-10-30,New Orleans Saints,Las Vegas Raiders,,,,,,2,49.5,
2022-10-30,Atlanta Falcons,Carolina Panthers,,,,,,-4.5,42,
2022-10-30,New York Jets,New England Patriots,,,,,,1.5,40.5,
2022-10-30,Philadelphia Eagles,Pittsburgh Steelers,,,,,,-10.5,43,
2022-10-30,Dallas Cowboys,Chicago Bears,,,,,,-9.5,42,
2022-10-30,Detroit Lions,Miami Dolphins,,,,,,3.5,51.5,
2022-10-30,Jacksonville Jaguars,Denver Broncos,,,,,,-2.5,39,
2022-10-27,Tampa Bay Buccaneers,Baltimore Ravens,,,,,,1.5,45,
2022-10-24,New England Patriots,Chicago Bears,14,33,,,,-8,40,
2022-10-23,Miami Dolphins,Pittsburgh Steelers,16,10,,,,-7,45,
2022-10-23,Los Angeles Chargers,Seattle Seahawks,23,37,,,,-6,51,
2022-10-23,San Francisco 49ers,Kansas City Chiefs,23,44,,,,3,48.5,
2022-10-23,Denver Broncos,New York Jets,9,16,,,,-1.5,39.5,
2022-10-23,Las Vegas Raiders,Houston Texans,38,20,,,,-7,45.5,
2022-10-23,Baltimore Ravens,Cleveland Browns,23,20,,,,-6.5,46,
2022-10-23,Carolina Panthers,Tampa Bay Buccaneers,21,3,,,,11,40,
2022-10-23,Cincinnati Bengals,Atlanta Falcons,35,17,,,,-6,47.5,
2022-10-23,Dallas Cowboys,Detroit Lions,24,6,,,,-7,49,
2022-10-23,Jacksonville Jaguars,New York Giants,17,23,,,,-3,42,
2022-10-23,Tennessee Titans,Indianapolis Colts,19,10,,,,-2.5,42.5,
2022-10-23,Washington Commanders,Green Bay Packers,23,21,,,,5,42,
2022-10-20,Arizona Cardinals,New Orleans Saints,42,34,,,,-2,44,
2022-10-17,Los Angeles Chargers,Denver Broncos,19,16,,,,-5.5,45.5,
2022-10-16,Philadelphia Eagles,Dallas Cowboys,26,17,,,,-6,42,
2022-10-16,Kansas City Chiefs,Buffalo Bills,20,24,,,,2.5,54,
2022-10-16,Los Angeles Rams,Carolina Panthers,24,10,,,,-10.5,40.5,
2022-10-16,Seattle Seahawks,Arizona Cardinals,19,9,,,,2.5,51,
2022-10-16,Atlanta Falcons,San Francisco 49ers,28,14,,,,5.5,44.5,
2022-10-16,Cleveland Browns,New England Patriots,15,38,,,,-3,42.5,
2022-10-16,Green Bay Packers,New York Jets,10,27,,,,-7.5,45.5,
2022-10-16,Indianapolis Colts,Jacksonville Jaguars,34,27,,,,-2,42,
2022-10-16,Miami Dolphins,Minnesota Vikings,16,24,,,,4,45.5,
2022-10-16,New Orleans Saints,Cincinnati Bengals,26,30,,,,1.5,43,
2022-10-16,New York Giants,Baltimore Ravens,24,20,,,,5.5,45,
2022-10-16,Pittsburgh Steelers,Tampa Bay Buccaneers,20,18,,,,8,43.5,
2022-10-13,Chicago Bears,Washington Commanders,7,12,,,,-0.5,38,
2022-10-10,Kansas City Chiefs,Las Vegas Raiders,30,29,,,,-7,51,
2022-10-09,Baltimore Ravens,Cincinnati Bengals,19,17,,,,-3,48.5,
2022-10-09,Arizona Cardinals,Philadelphia Eagles,17,20,,,,5.5,49,
2022-10-09,Los Angeles Rams,Dallas Cowboys,10,22,,,,-4.5,43,
2022-10-09,Carolina Panthers,San Francisco 49ers,15,37,,,,6.5,38.5,
2022-10-09,Buffalo Bills,Pittsburgh Steelers,38,3,,,,-14,47,
2022-10-09,Cleveland Browns,Los Angeles Chargers,28,30,,,,3,47.5,
2022-10-09,Jacksonville Jaguars,Houston Texans,6,13,,,,-7,44,
2022-10-09,Minnesota Vikings,Chicago Bears,29,22,,,,-7,44,
2022-10-09,New England Patriots,Detroit Lions,29,0,,,,-3,46.5,
2022-10-09,New Orleans Saints,Seattle Seahawks,39,32,,,,-5.5,46,
2022-10-09,New York Jets,Miami Dolphins,40,17,,,,3,44,
2022-10-09,Tampa Bay Buccaneers,Atlanta Falcons,21,15,,,,-9,48,
2022-10-09,Washington Commanders,Tennessee Titans,17,21,,,,2.5,42.5,
2022-10-09,Green Bay Packers,New York Giants,22,27,,,Y,-8.5,41,
2022-10-09,Denver Broncos,Indianapolis Colts,9,12,,,,-3.5,42.5,
2022-10-03,San Francisco 49ers,Los Angeles Rams,24,9,,,,-1.5,42,
2022-10-02,Tampa Bay Buccaneers,Kansas City Chiefs,31,41,,,,-1,45,
2022-10-02,Green Bay Packers,New England Patriots,27,24,,,,-9.5,40.5,
2022-10-02,Las Vegas Raiders,Denver Broncos,32,23,,,,-2.5,45.5,
2022-10-02,Carolina Panthers,Arizona Cardinals,16,26,,,,-1.5,42.5,
2022-10-02,Atlanta Falcons,Cleveland Browns,23,20,,,,1.5,49,
2022-10-02,Baltimore Ravens,Buffalo Bills,20,23,,,,3,51,
2022-10-02,Dallas Cowboys,Washington Commanders,25,10,,,,-3,41.5,
2022-10-02,Detroit Lions,Seattle Seahawks,45,48,,,,-4,48,
2022-10-02,Houston Texans,Los Angeles Chargers,24,34,,,,5,44,
2022-10-02,Indianapolis Colts,Tennessee Titans,17,24,,,,-3,42.5,
2022-10-02,New York Giants,Chicago Bears,20,12,,,,-2.5,39.5,
2022-10-02,Philadelphia Eagles,Jacksonville Jaguars,29,21,,,,-6.5,47,
2022-10-02,Pittsburgh Steelers,New York Jets,20,24,,,,-3,41.5,
2022-10-02,New Orleans Saints,Minnesota Vikings,25,28,,,,2.5,43.5,
2022-09-29,Cincinnati Bengals,Miami Dolphins,27,15,,,,-3.5,47,
2022-09-26,New York Giants,Dallas Cowboys,16,23,,,,-2.5,39.5,
2022-09-25,Denver Broncos,San Francisco 49ers,11,10,,,,2.5,45,
2022-09-25,Arizona Cardinals,Los Angeles Rams,12,20,,,,3.5,48.5,
2022-09-25,Seattle Seahawks,Atlanta Falcons,23,27,,,,-2,42,
2022-09-25,Tampa Bay Buccaneers,Green Bay Packers,12,14,,,,-2,42,
2022-09-25,Los Angeles Chargers,Jacksonville Jaguars,10,38,,,,-7,48,
2022-09-25,Carolina Panthers,New Orleans Saints,22,14,,,,2.5,40.5,
2022-09-25,Chicago Bears,Houston Texans,23,20,,,,-3,40.5,
2022-09-25,Indianapolis Colts,Kansas City Chiefs,20,17,,,,6.5,49.5,
2022-09-25,Miami Dolphins,Buffalo Bills,21,19,,,,6,54,
2022-09-25,Minnesota Vikings,Detroit Lions,28,24,,,,-6,53.5,
2022-09-25,New England Patriots,Baltimore Ravens,26,37,,,,3,43.5,
2022-09-25,New York Jets,Cincinnati Bengals,12,27,,,,5,44.5,
2022-09-25,Tennessee Titans,Las Vegas Raiders,24,22,,,,2,45.5,
2022-09-25,Washington Commanders,Philadelphia Eagles,8,24,,,,6.5,47,
2022-09-22,Cleveland Browns,Pittsburgh Steelers,29,17,,,,-4.5,38,
2022-09-19,Philadelphia Eagles,Minnesota Vikings,24,7,,,,-2.5,50.5,
2022-09-19,Buffalo Bills,Tennessee Titans,41,7,,,,-10,49,
2022-09-19,Green Bay Packers,Chicago Bears,27,10,,,,-10,42.0,
2022-09-18,Dallas Cowboys,Cincinnati Bengals,20,17,,,,8,42.5,
2022-09-18,Denver Broncos,Houston Texans,16,9,,,,-10,46,
2022-09-18,Las Vegas Raiders,Arizona Cardinals,23,29,,,,-6,51.5,
2022-09-18,Los Angeles Rams,Atlanta Falcons,31,27,,,,-10.5,47,
2022-09-18,San Francisco 49ers,Seattle Seahawks,27,7,,,,-10,42,
2022-09-18,Baltimore Ravens,Miami Dolphins,38,42,,,,-3.5,44.5,
2022-09-18,Cleveland Browns,New York Jets,30,31,,,,-6,39.5,
2022-09-18,Detroit Lions,Washington Commanders,36,27,,,,-2.5,49.5,
2022-09-18,Jacksonville Jaguars,Indianapolis Colts,24,0,,,,4,46.5,
2022-09-18,New Orleans Saints,Tampa Bay Buccaneers,10,20,,,,2.5,44,
2022-09-18,New York Giants,Carolina Panthers,19,16,,,,-2.5,43,
2022-09-18,Pittsburgh Steelers,New England Patriots,14,17,,,,1.5,40,
2022-09-15,Kansas City Chiefs,Los Angeles Chargers,27,24,,,,-3.5,54.5,
2022-09-12,Seattle Seahawks,Denver Broncos,17,16,,,,6.0,44.0,3.40
2022-09-11,Dallas Cowboys,Tampa Bay Buccaneers,3,19,,,,2.5,49.5,2.20
2022-09-11,Arizona Cardinals,Kansas City Chiefs,21,44,,,,6.0,54.0,3.20
2022-09-11,Los Angeles Chargers,Las Vegas Raiders,24,19,,,,-3.5,52.5,1.55
2022-09-11,Minnesota Vikings,Green Bay Packers,23,7,,,,-2.0,46.5,2.15
2022-09-11,Tennessee Titans,New York Giants,20,21,,,,-5.5,44.0,1.40
2022-09-11,Atlanta Falcons,New Orleans Saints,26,27,,,,5.5,44.0,3.00
2022-09-11,Carolina Panthers,Cleveland Browns,24,26,,,,-1.0,42.0,2.75
2022-09-11,Chicago Bears,San Francisco 49ers,19,10,,,,6.5,38.0,3.50
2022-09-11,Cincinnati Bengals,Pittsburgh Steelers,20,23,Y,,,-7.0,44.5,1.37
2022-09-11,Detroit Lions,Philadelphia Eagles,35,38,,,,5.5,48.5,2.95
2022-09-11,Houston Texans,Indianapolis Colts,20,20,Y,,,7.0,45.5,4.00
2022-09-11,Miami Dolphins,New England Patriots,20,7,,,,-3.0,46.5,1.71
2022-09-11,New York Jets,Baltimore Ravens,9,24,,,,6.5,44.0,3.65
2022-09-11,Washington Commanders,Jacksonville Jaguars,28,22,,,,-3.0,43.0,1.74
2022-09-08,Los Angeles Rams,Buffalo Bills,10,31,,,,2.0,52.0,2.20
2022-02-13,Cincinnati Bengals,Los Angeles Rams,20,23,,Y,Y,4.5,48.5,Technically a neutral venue despite the game being played at the Rams' home stadium
2022-01-30,Los Angeles Rams,San Francisco 49ers,20,17,,Y,,-3.5,46.0,
2022-01-30,Kansas City Chiefs,Cincinnati Bengals,24,27,Y,Y,,-7.0,54.5,
2022-01-23,Kansas City Chiefs,Buffalo Bills,42,36,Y,Y,,-2.5,54.0,
2022-01-23,Tampa Bay Buccaneers,Los Angeles Rams,27,30,,Y,,-3.0,48.0,
2022-01-22,Green Bay Packers,San Francisco 49ers,10,13,,Y,,-5.5,47.0,
2022-01-22,Tennessee Titans,Cincinnati Bengals,16,19,,Y,,-4.0,48.5,
2022-01-17,Los Angeles Rams,Arizona Cardinals,34,11,,Y,,-3.5,49.0,
2022-01-16,Kansas City Chiefs,Pittsburgh Steelers,42,21,,Y,,-12.5,47.0,
2022-01-16,Dallas Cowboys,San Francisco 49ers,17,23,,Y,,-3.5,51.0,
2022-01-16,Tampa Bay Buccaneers,Philadelphia Eagles,31,15,,Y,,-7.0,47.0,
2022-01-15,Buffalo Bills,New England Patriots,47,17,,Y,,-4.5,43.0,
2022-01-15,Cincinnati Bengals,Las Vegas Raiders,26,19,,Y,,-6.0,48.5,
2022-01-09,Las Vegas Raiders,Los Angeles Chargers,35,32,Y,,,3.0,49.5,
2022-01-09,Arizona Cardinals,Seattle Seahawks,30,38,,,,-5.0,48.5,
2022-01-09,Los Angeles Rams,San Francisco 49ers,24,27,Y,,,-3.5,46.5,
2022-01-09,Atlanta Falcons,New Orleans Saints,20,30,,,,4.5,40.0,
2022-01-09,Baltimore Ravens,Pittsburgh Steelers,13,16,Y,,,-3.0,41.0,
2022-01-09,Buffalo Bills,New York Jets,27,10,,,,-16.0,42.0,
2022-01-09,Cleveland Browns,Cincinnati Bengals,21,16,,,,-6.5,38.0,
2022-01-09,Detroit Lions,Green Bay Packers,37,30,,,,4.0,45.0,
2022-01-09,Houston Texans,Tennessee Titans,25,28,,,,10.5,43.0,
2022-01-09,Jacksonville Jaguars,Indianapolis Colts,26,11,,,,14.0,43.0,
2022-01-09,Miami Dolphins,New England Patriots,33,24,,,,6.0,41.0,
2022-01-09,Minnesota Vikings,Chicago Bears,31,17,,,,-3.5,44.5,
2022-01-09,New York Giants,Washington Commanders,7,22,,,,6.0,36.0,
2022-01-09,Tampa Bay Buccaneers,Carolina Panthers,41,17,,,,-10.5,43.5,
2022-01-08,Philadelphia Eagles,Dallas Cowboys,26,51,,,,6.0,46.5,
2022-01-08,Denver Broncos,Kansas City Chiefs,24,28,,,,11.5,44.5,
2022-01-03,Pittsburgh Steelers,Cleveland Browns,26,14,,,,-1.0,43.5,
2022-01-02,Green Bay Packers,Minnesota Vikings,37,10,,,,-13.0,42.5,
2022-01-02,Baltimore Ravens,Los Angeles Rams,19,20,,,,7.0,46.5,
2022-01-02,Dallas Cowboys,Arizona Cardinals,22,25,,,,-6.5,52.5,
2022-01-02,Seattle Seahawks,Detroit Lions,51,29,,,,-8.5,41.5,
2022-01-02,Los Angeles Chargers,Denver Broncos,34,13,,,,-7.5,46.0,
2022-01-02,San Francisco 49ers,Houston Texans,23,7,,,,-13.5,44.5,
2022-01-02,Buffalo Bills,Atlanta Falcons,29,15,,,,-14.0,46.0,
2022-01-02,Chicago Bears,New York Giants,29,3,,,,-6.5,36.5,
2022-01-02,Cincinnati Bengals,Kansas City Chiefs,34,31,,,,3.5,51.0,
2022-01-02,Indianapolis Colts,Las Vegas Raiders,20,23,,,,-8.5,46.5,
2022-01-02,New England Patriots,Jacksonville Jaguars,50,10,,,,-17.5,41.5,
2022-01-02,New Orleans Saints,Carolina Panthers,18,10,,,,-7.0,37.0,
2022-01-02,New York Jets,Tampa Bay Buccaneers,24,28,,,,14.0,47.5,
2022-01-02,Tennessee Titans,Miami Dolphins,34,3,,,,-3.0,41.0,
2022-01-02,Washington Commanders,Philadelphia Eagles,16,20,,,,6.0,44.5,
2021-12-27,New Orleans Saints,Miami Dolphins,3,20,,,,3.0,37.5,
2021-12-26,Dallas Cowboys,Washington Commanders,56,14,,,,-10.0,46.0,
2021-12-26,Kansas City Chiefs,Pittsburgh Steelers,36,10,,,,-10.0,44.5,
2021-12-26,Las Vegas Raiders,Denver Broncos,17,13,,,,1.0,41.5,
2021-12-26,Seattle Seahawks,Chicago Bears,24,25,,,,-7.0,41.0,
2021-12-26,Atlanta Falcons,Detroit Lions,20,16,,,,-7.5,42.5,
2021-12-26,Carolina Panthers,Tampa Bay Buccaneers,6,32,,,,11.0,44.5,
2021-12-26,Cincinnati Bengals,Baltimore Ravens,41,21,,,,-7.5,43.5,
2021-12-26,Houston Texans,Los Angeles Chargers,41,29,,,,13.0,45.5,
2021-12-26,Minnesota Vikings,Los Angeles Rams,23,30,,,,3.0,48.5,
2021-12-26,New England Patriots,Buffalo Bills,21,33,,,,-1.0,43.5,
2021-12-26,New York Jets,Jacksonville Jaguars,26,21,,,,-2.5,43.0,
2021-12-26,Philadelphia Eagles,New York Giants,34,10,,,,-11.0,41.0,
2021-12-25,Arizona Cardinals,Indianapolis Colts,16,22,,,,-3.0,48.0,
2021-12-25,Green Bay Packers,Cleveland Browns,24,22,,,,-7.5,46.5,
2021-12-23,Tennessee Titans,San Francisco 49ers,20,17,,,,3.5,45.5,
2021-12-21,Los Angeles Rams,Seattle Seahawks,20,10,,,,-7.0,47.0,
2021-12-21,Philadelphia Eagles,Washington Commanders,27,17,,,,-10.0,39.5,
2021-12-20,Chicago Bears,Minnesota Vikings,9,17,,,,7.0,47.0,
2021-12-20,Cleveland Browns,Las Vegas Raiders,14,16,,,,1.0,40.5,
2021-12-19,Tampa Bay Buccaneers,New Orleans Saints,0,9,,,,-11.5,45.5,
2021-12-19,Baltimore Ravens,Green Bay Packers,30,31,,,,9.0,45.5,
2021-12-19,Denver Broncos,Cincinnati Bengals,10,15,,,,-3.0,44.0,
2021-12-19,San Francisco 49ers,Atlanta Falcons,31,13,,,,-9.0,47.5,
2021-12-19,Buffalo Bills,Carolina Panthers,31,14,,,,-14.5,43.0,
2021-12-19,Detroit Lions,Arizona Cardinals,30,12,,,,13.0,48.5,
2021-12-19,Jacksonville Jaguars,Houston Texans,16,30,,,,-6.0,40.0,
2021-12-19,Miami Dolphins,New York Jets,31,24,,,,-10.0,42.0,
2021-12-19,New York Giants,Dallas Cowboys,6,21,,,,12.0,43.5,
2021-12-19,Pittsburgh Steelers,Tennessee Titans,19,13,,,,-1.0,44.0,
2021-12-18,Indianapolis Colts,New England Patriots,27,17,,,,-1.5,46.0,
2021-12-16,Los Angeles Chargers,Kansas City Chiefs,28,34,Y,,,3.0,54.0,
2021-12-13,Arizona Cardinals,Los Angeles Rams,23,30,,,,-3.0,51.0,
2021-12-12,Green Bay Packers,Chicago Bears,45,30,,,,-12.0,43.0,
2021-12-12,Cincinnati Bengals,San Francisco 49ers,23,26,Y,,,1.5,49.0,
2021-12-12,Tampa Bay Buccaneers,Buffalo Bills,33,27,Y,,,-3.5,52.5,
2021-12-12,Denver Broncos,Detroit Lions,38,10,,,,-12.5,42.0,
2021-12-12,Los Angeles Chargers,New York Giants,37,21,,,,-9.0,43.5,
2021-12-12,Carolina Panthers,Atlanta Falcons,21,29,,,,-2.5,41.5,
2021-12-12,Cleveland Browns,Baltimore Ravens,24,22,,,,-3.0,44.0,
2021-12-12,Houston Texans,Seattle Seahawks,13,33,,,,9.5,41.0,
2021-12-12,Kansas City Chiefs,Las Vegas Raiders,48,9,,,,-9.5,48.0,
2021-12-12,New York Jets,New Orleans Saints,9,30,,,,4.5,42.0,
2021-12-12,Tennessee Titans,Jacksonville Jaguars,20,0,,,,-8.5,44.5,
2021-12-12,Washington Commanders,Dallas Cowboys,20,27,,,,6.5,48.0,
2021-12-09,Minnesota Vikings,Pittsburgh Steelers,36,28,,,,-3.5,45.0,
2021-12-06,Buffalo Bills,New England Patriots,10,14,,,,-3.0,39.5,
2021-12-05,Kansas City Chiefs,Denver Broncos,22,9,,,,-8.5,46.5,
2021-12-05,Los Angeles Rams,Jacksonville Jaguars,37,7,,,,-14.0,48.0,
2021-12-05,Pittsburgh Steelers,Baltimore Ravens,20,19,,,,4.0,44.0,
2021-12-05,Seattle Seahawks,San Francisco 49ers,30,23,,,,3.0,45.0,
2021-12-05,Las Vegas Raiders,Washington Commanders,15,17,,,,-1.5,47.5,
2021-12-05,Atlanta Falcons,Tampa Bay Buccaneers,17,30,,,,10.5,51.0,
2021-12-05,Chicago Bears,Arizona Cardinals,22,33,,,,7.5,43.0,
2021-12-05,Cincinnati Bengals,Los Angeles Chargers,22,41,,,,-2.5,49.5,
2021-12-05,Detroit Lions,Minnesota Vikings,29,27,,,,7.0,47.0,
2021-12-05,Houston Texans,Indianapolis Colts,0,31,,,,10.0,45.5,
2021-12-05,Miami Dolphins,New York Giants,20,9,,,,-7.0,40.0,
2021-12-05,New York Jets,Philadelphia Eagles,18,33,,,,5.0,44.0,
2021-12-02,New Orleans Saints,Dallas Cowboys,17,27,,,,6.5,45.5,
2021-11-29,Washington Commanders,Seattle Seahawks,17,15,,,,1.5,46.5,
2021-11-28,Baltimore Ravens,Cleveland Browns,16,10,,,,-3.0,47.5,
2021-11-28,Green Bay Packers,Los Angeles Rams,36,28,,,,2.0,46.5,
2021-11-28,San Francisco 49ers,Minnesota Vikings,34,26,,,,-4.0,49.0,
2021-11-28,Denver Broncos,Los Angeles Chargers,28,13,,,,3.0,47.0,
2021-11-28,Cincinnati Bengals,Pittsburgh Steelers,41,10,,,,-3.5,43.5,
2021-11-28,Houston Texans,New York Jets,14,21,,,,-3.0,44.5,
2021-11-28,Indianapolis Colts,Tampa Bay Buccaneers,31,38,,,,3.0,53.0,
2021-11-28,Jacksonville Jaguars,Atlanta Falcons,14,21,,,,1.5,46.0,
2021-11-28,Miami Dolphins,Carolina Panthers,33,10,,,,1.0,41.0,
2021-11-28,New England Patriots,Tennessee Titans,36,13,,,,-7.0,43.0,
2021-11-28,New York Giants,Philadelphia Eagles,13,7,,,,4.0,45.0,
2021-11-25,New Orleans Saints,Buffalo Bills,6,31,,,,7.0,45.0,
2021-11-25,Dallas Cowboys,Las Vegas Raiders,33,36,Y,,,-7.0,51.0,
2021-11-25,Detroit Lions,Chicago Bears,14,16,,,,2.0,41.5,
2021-11-22,Tampa Bay Buccaneers,New York Giants,30,10,,,,-11.5,50.0,
2021-11-21,Los Angeles Chargers,Pittsburgh Steelers,41,37,,,,-6.0,47.5,
2021-11-21,Kansas City Chiefs,Dallas Cowboys,19,9,,,,-2.5,56.0,
2021-11-21,Seattle Seahawks,Arizona Cardinals,13,23,,,,-4.5,45.0,
2021-11-21,Las Vegas Raiders,Cincinnati Bengals,13,32,,,,2.0,50.5,
2021-11-21,Buffalo Bills,Indianapolis Colts,15,41,,,,-7.0,49.5,
2021-11-21,Carolina Panthers,Washington Commanders,21,27,,,,-3.0,43.0,
2021-11-21,Chicago Bears,Baltimore Ravens,13,16,,,,1.0,40.5,
2021-11-21,Cleveland Browns,Detroit Lions,13,10,,,,-13.5,42.5,
2021-11-21,Jacksonville Jaguars,San Francisco 49ers,10,30,,,,6.5,45.5,
2021-11-21,Minnesota Vikings,Green Bay Packers,34,31,,,,1.0,47.0,
2021-11-21,New York Jets,Miami Dolphins,17,24,,,,3.5,44.5,
2021-11-21,Philadelphia Eagles,New Orleans Saints,40,29,,,,-3.0,42.0,
2021-11-21,Tennessee Titans,Houston Texans,13,22,,,,-10.0,44.5,
2021-11-18,Atlanta Falcons,New England Patriots,0,25,,,,7.0,47.0,
2021-11-15,San Francisco 49ers,Los Angeles Rams,31,10,,,,3.5,50.0,
2021-11-14,Las Vegas Raiders,Kansas City Chiefs,14,41,,,,2.5,54.0,
2021-11-14,Denver Broncos,Philadelphia Eagles,13,30,,,,-1.0,44.5,
2021-11-14,Green Bay Packers,Seattle Seahawks,17,0,,,,-3.0,49.0,
2021-11-14,Arizona Cardinals,Carolina Panthers,10,34,,,,-7.0,41.5,
2021-11-14,Los Angeles Chargers,Minnesota Vikings,20,27,,,,-3.0,53.5,
2021-11-14,Dallas Cowboys,Atlanta Falcons,43,3,,,,-7.5,55.0,
2021-11-14,Indianapolis Colts,Jacksonville Jaguars,23,17,,,,-10.5,48.0,
2021-11-14,New England Patriots,Cleveland Browns,45,7,,,,-2.5,45.0,
2021-11-14,New York Jets,Buffalo Bills,17,45,,,,13.5,48.5,
2021-11-14,Pittsburgh Steelers,Detroit Lions,16,16,Y,,,-6.0,40.5,
2021-11-14,Tennessee Titans,New Orleans Saints,23,21,,,,-3.0,42.5,
2021-11-14,Washington Commanders,Tampa Bay Buccaneers,29,19,,,,10.0,50.5,
2021-11-11,Miami Dolphins,Baltimore Ravens,22,10,,,,8.5,47.0,
2021-11-08,Pittsburgh Steelers,Chicago Bears,29,27,,,,-7.0,40.0,
2021-11-07,Los Angeles Rams,Tennessee Titans,16,28,,,,-7.0,53.0,
2021-11-07,Kansas City Chiefs,Green Bay Packers,13,7,,,,-7.0,48.0,
2021-11-07,San Francisco 49ers,Arizona Cardinals,17,31,,,,-5.5,44.5,
2021-11-07,Philadelphia Eagles,Los Angeles Chargers,24,27,,,,1.0,49.5,
2021-11-07,Baltimore Ravens,Minnesota Vikings,34,31,Y,,,-7.0,51.0,
2021-11-07,Carolina Panthers,New England Patriots,6,24,,,,3.5,41.5,
2021-11-07,Cincinnati Bengals,Cleveland Browns,16,41,,,,-2.0,47.5,
2021-11-07,Dallas Cowboys,Denver Broncos,16,30,,,,-10.0,50.0,
2021-11-07,Jacksonville Jaguars,Buffalo Bills,9,6,,,,14.5,48.5,
2021-11-07,Miami Dolphins,Houston Texans,17,9,,,,-4.0,45.0,
2021-11-07,New Orleans Saints,Atlanta Falcons,25,27,,,,-6.5,43.0,
2021-11-07,New York Giants,Las Vegas Raiders,23,16,,,,3.0,47.0,
2021-11-04,Indianapolis Colts,New York Jets,45,30,,,,-10.0,45.5,
2021-11-01,Kansas City Chiefs,New York Giants,20,17,,,,-10.5,53.0,
2021-10-31,Minnesota Vikings,Dallas Cowboys,16,20,,,,-4.0,49.0,
2021-10-31,Denver Broncos,Washington Commanders,17,10,,,,-4.0,45.0,
2021-10-31,New Orleans Saints,Tampa Bay Buccaneers,36,27,,,,4.0,48.0,
2021-10-31,Los Angeles Chargers,New England Patriots,24,27,,,,-3.5,50.5,
2021-10-31,Seattle Seahawks,Jacksonville Jaguars,31,7,,,,-4.0,44.5,
2021-10-31,Atlanta Falcons,Carolina Panthers,13,19,,,,-2.5,47.0,
2021-10-31,Buffalo Bills,Miami Dolphins,26,11,,,,-15.0,48.5,
2021-10-31,Chicago Bears,San Francisco 49ers,22,33,,,,4.5,40.0,
2021-10-31,Cleveland Browns,Pittsburgh Steelers,10,15,,,,-5.5,43.0,
2021-10-31,Detroit Lions,Philadelphia Eagles,6,44,,,,3.0,48.0,
2021-10-31,Houston Texans,Los Angeles Rams,22,38,,,,16.5,47.0,
2021-10-31,Indianapolis Colts,Tennessee Titans,31,34,Y,,,-3.0,51.0,
2021-10-31,New York Jets,Cincinnati Bengals,34,31,,,,11.5,43.0,
2021-10-28,Arizona Cardinals,Green Bay Packers,21,24,,,,-6.5,51.0,
2021-10-25,Seattle Seahawks,New Orleans Saints,10,13,,,,6.0,42.0,
2021-10-24,San Francisco 49ers,Indianapolis Colts,18,30,,,,-3.5,41.5,
2021-10-24,Arizona Cardinals,Houston Texans,31,5,,,,-20.0,47.5,
2021-10-24,Tampa Bay Buccaneers,Chicago Bears,38,3,,,,-12.0,47.0,
2021-10-24,Los Angeles Rams,Detroit Lions,28,19,,,,-16.0,51.0,
2021-10-24,Las Vegas Raiders,Philadelphia Eagles,33,22,,,,-1.0,48.0,
2021-10-24,Baltimore Ravens,Cincinnati Bengals,17,41,,,,-6.5,46.0,
2021-10-24,Green Bay Packers,Washington Commanders,24,10,,,,-8.5,48.0,
2021-10-24,Miami Dolphins,Atlanta Falcons,28,30,,,,1.5,47.5,
2021-10-24,New England Patriots,New York Jets,54,13,,,,-7.0,42.5,
2021-10-24,New York Giants,Carolina Panthers,25,3,,,,3.0,43.0,
2021-10-24,Tennessee Titans,Kansas City Chiefs,27,3,,,,4.0,58.5,
2021-10-21,Cleveland Browns,Denver Broncos,17,14,,,,-2.0,40.0,
2021-10-18,Tennessee Titans,Buffalo Bills,34,31,,,,6.0,53.5,
2021-10-17,Pittsburgh Steelers,Seattle Seahawks,23,20,Y,,,-5.5,43.0,
2021-10-17,Denver Broncos,Las Vegas Raiders,24,34,,,,-5.0,45.0,
2021-10-17,New England Patriots,Dallas Cowboys,29,35,Y,,,3.5,50.5,
2021-10-17,Cleveland Browns,Arizona Cardinals,14,37,,,,-3.0,48.0,
2021-10-17,Baltimore Ravens,Los Angeles Chargers,34,6,,,,-3.0,51.0,
2021-10-17,Carolina Panthers,Minnesota Vikings,28,34,Y,,,2.5,45.5,
2021-10-17,Chicago Bears,Green Bay Packers,14,24,,,,5.5,44.0,
2021-10-17,Detroit Lions,Cincinnati Bengals,11,34,,,,3.5,46.5,
2021-10-17,Indianapolis Colts,Houston Texans,31,3,,,,-11.5,45.0,
2021-10-17,New York Giants,Los Angeles Rams,11,38,,,,7.5,49.0,
2021-10-17,Washington Commanders,Kansas City Chiefs,13,31,,,,6.5,54.0,
2021-10-17,Jacksonville Jaguars,Miami Dolphins,23,20,,,Y,1.5,47.5,Played at Tottenham Hotspur Stadium
2021-10-14,Philadelphia Eagles,Tampa Bay Buccaneers,22,28,,,,7.0,53.0,
2021-10-11,Baltimore Ravens,Indianapolis Colts,31,25,Y,,,-7.5,46.5,
2021-10-10,Kansas City Chiefs,Buffalo Bills,20,38,,,,-3.0,57.0,
2021-10-10,Arizona Cardinals,San Francisco 49ers,17,10,,,,-6.0,48.5,
2021-10-10,Dallas Cowboys,New York Giants,44,20,,,,-7.0,52.5,
2021-10-10,Los Angeles Chargers,Cleveland Browns,47,42,,,,-2.5,47.0,
2021-10-10,Las Vegas Raiders,Chicago Bears,9,20,,,,-5.5,46.0,
2021-10-10,Carolina Panthers,Philadelphia Eagles,18,21,,,,-2.5,46.0,
2021-10-10,Cincinnati Bengals,Green Bay Packers,22,25,Y,,,2.0,50.0,
2021-10-10,Houston Texans,New England Patriots,22,25,,,,8.0,39.0,
2021-10-10,Jacksonville Jaguars,Tennessee Titans,19,37,,,,4.5,49.0,
2021-10-10,Minnesota Vikings,Detroit Lions,19,17,,,,-10.0,49.5,
2021-10-10,Pittsburgh Steelers,Denver Broncos,27,19,,,,1.5,40.0,
2021-10-10,Tampa Bay Buccaneers,Miami Dolphins,45,17,,,,-11.0,48.0,
2021-10-10,Washington Commanders,New Orleans Saints,22,33,,,,2.5,43.5,
2021-10-10,Atlanta Falcons,New York Jets,27,20,,,Y,-3.0,45.5,Played at Tottenham Hotspur Stadium
2021-10-07,Seattle Seahawks,Los Angeles Rams,17,26,,,,2.5,53.5,
2021-10-04,Los Angeles Chargers,Las Vegas Raiders,28,14,,,,-3.0,51.5,
2021-10-03,New England Patriots,Tampa Bay Buccaneers,17,19,,,,6.5,49.0,
2021-10-03,Denver Broncos,Baltimore Ravens,7,23,,,,-1.0,44.0,
2021-10-03,Green Bay Packers,Pittsburgh Steelers,27,17,,,,-6.0,45.0,
2021-10-03,Los Angeles Rams,Arizona Cardinals,20,37,,,,-4.0,54.0,
2021-10-03,San Francisco 49ers,Seattle Seahawks,21,28,,,,-2.5,52.0,
2021-10-03,Atlanta Falcons,Washington Commanders,30,34,,,,2.0,47.5,
2021-10-03,Buffalo Bills,Houston Texans,40,0,,,,-19.0,47.5,
2021-10-03,Chicago Bears,Detroit Lions,24,14,,,,-3.0,41.5,
2021-10-03,Dallas Cowboys,Carolina Panthers,36,28,,,,-4.5,51.5,
2021-10-03,Miami Dolphins,Indianapolis Colts,17,27,,,,-2.5,41.5,
2021-10-03,Minnesota Vikings,Cleveland Browns,7,14,,,,1.0,52.0,
2021-10-03,New Orleans Saints,New York Giants,21,27,Y,,,-7.0,42.5,
2021-10-03,New York Jets,Tennessee Titans,27,24,Y,,,6.0,44.5,
2021-10-03,Philadelphia Eagles,Kansas City Chiefs,30,42,,,,7.0,54.0,
2021-09-30,Cincinnati Bengals,Jacksonville Jaguars,24,21,,,,-7.5,46.0,
2021-09-27,Dallas Cowboys,Philadelphia Eagles,41,21,,,,-3.5,51.5,
2021-09-26,San Francisco 49ers,Green Bay Packers,28,30,,,,-3.0,50.5,
2021-09-26,Los Angeles Rams,Tampa Bay Buccaneers,34,24,,,,1.0,55.0,
2021-09-26,Minnesota Vikings,Seattle Seahawks,30,17,,,,2.0,54.0,
2021-09-26,Denver Broncos,New York Jets,26,0,,,,-10.0,41.5,
2021-09-26,Las Vegas Raiders,Miami Dolphins,31,28,Y,,,-3.5,45.0,
2021-09-26,Buffalo Bills,Washington Commanders,43,21,,,,-7.0,45.5,
2021-09-26,Cleveland Browns,Chicago Bears,26,6,,,,-7.5,45.0,
2021-09-26,Detroit Lions,Baltimore Ravens,17,19,,,,7.5,51.0,
2021-09-26,Jacksonville Jaguars,Arizona Cardinals,19,31,,,,8.0,51.5,
2021-09-26,Kansas City Chiefs,Los Angeles Chargers,24,30,,,,-7.0,55.0,
2021-09-26,New England Patriots,New Orleans Saints,13,28,,,,-3.0,43.5,
2021-09-26,New York Giants,Atlanta Falcons,14,17,,,,-2.5,48.0,
2021-09-26,Pittsburgh Steelers,Cincinnati Bengals,10,24,,,,-2.5,42.5,
2021-09-26,Tennessee Titans,Indianapolis Colts,25,16,,,,-5.0,47.0,
2021-09-23,Houston Texans,Carolina Panthers,9,24,,,,8.0,43.0,
2021-09-20,Green Bay Packers,Detroit Lions,35,17,,,,-10.5,48.0,
2021-09-19,Baltimore Ravens,Kansas City Chiefs,36,35,,,,4.0,55.5,
2021-09-19,Los Angeles Chargers,Dallas Cowboys,17,20,,,,-3.0,55.0,
2021-09-19,Seattle Seahawks,Tennessee Titans,30,33,Y,,,-5.5,54.0,
2021-09-19,Arizona Cardinals,Minnesota Vikings,34,33,,,,-4.0,51.0,
2021-09-19,Tampa Bay Buccaneers,Atlanta Falcons,48,25,,,,-12.5,52.0,
2021-09-19,Carolina Panthers,New Orleans Saints,26,7,,,,3.5,44.0,
2021-09-19,Chicago Bears,Cincinnati Bengals,20,17,,,,-3.0,45.0,
2021-09-19,Cleveland Browns,Houston Texans,31,21,,,,-12.5,48.0,
2021-09-19,Indianapolis Colts,Los Angeles Rams,24,27,,,,4.0,47.5,
2021-09-19,Jacksonville Jaguars,Denver Broncos,13,23,,,,6.0,45.5,
2021-09-19,Miami Dolphins,Buffalo Bills,0,35,,,,3.0,48.0,
2021-09-19,New York Jets,New England Patriots,6,25,,,,5.5,42.5,
2021-09-19,Philadelphia Eagles,San Francisco 49ers,11,17,,,,3.5,50.0,
2021-09-19,Pittsburgh Steelers,Las Vegas Raiders,17,26,,,,-6.0,47.5,
2021-09-16,Washington Commanders,New York Giants,30,29,,,,-3.0,41.0,
2021-09-13,Las Vegas Raiders,Baltimore Ravens,33,27,Y,,,4.5,51.0,
2021-09-12,Los Angeles Rams,Chicago Bears,34,14,,,,-7.5,44.5,
2021-09-12,Kansas City Chiefs,Cleveland Browns,33,29,,,,-6.0,53.0,
2021-09-12,New England Patriots,Miami Dolphins,16,17,,,,-2.5,44.5,
2021-09-12,New Orleans Saints,Green Bay Packers,38,3,,,Y,4.0,49.5,
2021-09-12,New York Giants,Denver Broncos,13,27,,,,2.5,42.5,
2021-09-12,Atlanta Falcons,Philadelphia Eagles,6,32,,,,-3.5,48.0,
2021-09-12,Buffalo Bills,Pittsburgh Steelers,16,23,,,,-6.5,48.5,
2021-09-12,Carolina Panthers,New York Jets,19,14,,,,-5.0,44.5,
2021-09-12,Cincinnati Bengals,Minnesota Vikings,27,24,Y,,,3.0,48.0,
2021-09-12,Detroit Lions,San Francisco 49ers,33,41,,,,7.5,46.0,
2021-09-12,Houston Texans,Jacksonville Jaguars,37,21,,,,3.0,44.5,
2021-09-12,Indianapolis Colts,Seattle Seahawks,16,28,,,,2.5,48.5,
2021-09-12,Tennessee Titans,Arizona Cardinals,13,38,,,,-3.0,51.5,
2021-09-12,Washington Commanders,Los Angeles Chargers,16,20,,,,1.0,44.5,
2021-09-09,Tampa Bay Buccaneers,Dallas Cowboys,31,29,,,,-7.5,51.5,
2021-02-07,Tampa Bay Buccaneers,Kansas City Chiefs,31,9,,Y,Y,3.0,55.5,Technically a neutral venue despite the game being played at Tampa Bay's home stadium
2021-01-24,Kansas City Chiefs,Buffalo Bills,38,24,,Y,,-3.0,54.5,
2021-01-24,Green Bay Packers,Tampa Bay Buccaneers,26,31,,Y,,-3.0,53.0,
2021-01-17,New Orleans Saints,Tampa Bay Buccaneers,20,30,,Y,,-2.5,53.0,
2021-01-17,Kansas City Chiefs,Cleveland Browns,22,17,,Y,,-8.0,56.0,
2021-01-16,Buffalo Bills,Baltimore Ravens,17,3,,Y,,-2.5,49.5,
2021-01-16,Green Bay Packers,Los Angeles Rams,32,18,,Y,,-7.0,45.0,
2021-01-10,Pittsburgh Steelers,Cleveland Browns,37,48,,Y,,-5.5,47.5,
2021-01-10,New Orleans Saints,Chicago Bears,21,9,,Y,,-11.0,48.0,
2021-01-10,Tennessee Titans,Baltimore Ravens,13,20,,Y,,3.5,53.5,
2021-01-09,Washington Commanders,Tampa Bay Buccaneers,23,31,,Y,,10.0,45.0,
2021-01-09,Seattle Seahawks,Los Angeles Rams,20,30,,Y,,-3.0,42.5,
2021-01-09,Buffalo Bills,Indianapolis Colts,27,24,,Y,,-7.0,50.5,
2021-01-03,Philadelphia Eagles,Washington Commanders,14,20,,,,6.5,43.5,
2021-01-03,Chicago Bears,Green Bay Packers,16,35,,,,4.5,48.5,
2021-01-03,Denver Broncos,Las Vegas Raiders,31,32,,,,2.5,50.5,
2021-01-03,Kansas City Chiefs,Los Angeles Chargers,21,38,,,,6.5,43.0,
2021-01-03,Los Angeles Rams,Arizona Cardinals,18,7,,,,-1.0,42.0,
2021-01-03,San Francisco 49ers,Seattle Seahawks,23,26,,,,7.0,45.0,
2021-01-03,Buffalo Bills,Miami Dolphins,56,26,,,,3.0,42.5,
2021-01-03,Carolina Panthers,New Orleans Saints,7,33,,,,6.0,46.5,
2021-01-03,Cincinnati Bengals,Baltimore Ravens,3,38,,,,13.5,45.0,
2021-01-03,Cleveland Browns,Pittsburgh Steelers,24,22,,,,-10.5,44.5,
2021-01-03,Detroit Lions,Minnesota Vikings,35,37,,,,3.0,53.5,
2021-01-03,Houston Texans,Tennessee Titans,38,41,,,,7.0,55.5,
2021-01-03,Indianapolis Colts,Jacksonville Jaguars,28,14,,,,-15.5,48.0,
2021-01-03,New England Patriots,New York Jets,28,14,,,,-3.0,41.0,
2021-01-03,New York Giants,Dallas Cowboys,23,19,,,,1.5,43.5,
2021-01-03,Tampa Bay Buccaneers,Atlanta Falcons,44,27,,,,-7.0,51.0,
2020-12-28,New England Patriots,Buffalo Bills,9,38,,,,7.0,47.0,
2020-12-27,Green Bay Packers,Tennessee Titans,40,14,,,,-3.0,52.5,
2020-12-27,Dallas Cowboys,Philadelphia Eagles,37,17,,,,3.0,50.5,
2020-12-27,Los Angeles Chargers,Denver Broncos,19,16,,,,-2.0,47.5,
2020-12-27,Seattle Seahawks,Los Angeles Rams,20,9,,,,-1.5,48.0,
2020-12-27,Baltimore Ravens,New York Giants,27,13,,,,-9.5,43.5,
2020-12-27,Houston Texans,Cincinnati Bengals,31,37,,,,-7.5,46.0,
2020-12-27,Jacksonville Jaguars,Chicago Bears,17,41,,,,9.5,47.0,
2020-12-27,Kansas City Chiefs,Atlanta Falcons,17,14,,,,-11.0,54.0,
2020-12-27,New York Jets,Cleveland Browns,23,16,,,,6.5,45.0,
2020-12-27,Pittsburgh Steelers,Indianapolis Colts,28,24,,,,1.0,42.5,
2020-12-27,Washington Commanders,Carolina Panthers,13,20,,,,1.0,42.0,
2020-12-26,Las Vegas Raiders,Miami Dolphins,25,26,,,,2.5,50.0,
2020-12-26,Arizona Cardinals,San Francisco 49ers,12,20,,,,-6.0,49.0,
2020-12-26,Detroit Lions,Tampa Bay Buccaneers,7,47,,,,12.0,55.0,
2020-12-25,New Orleans Saints,Minnesota Vikings,52,33,,,,-6.5,49.5,
2020-12-21,Cincinnati Bengals,Pittsburgh Steelers,27,17,,,,14.5,40.5,
2020-12-20,New York Giants,Cleveland Browns,6,20,,,,6.5,44.5,
2020-12-20,New Orleans Saints,Kansas City Chiefs,29,32,,,,2.5,54.0,
2020-12-20,Arizona Cardinals,Philadelphia Eagles,33,26,,,,-6.0,49.5,
2020-12-20,Los Angeles Rams,New York Jets,20,23,,,,-17.0,44.5,
2020-12-20,Atlanta Falcons,Tampa Bay Buccaneers,27,31,,,,6.0,49.5,
2020-12-20,Baltimore Ravens,Jacksonville Jaguars,40,14,,,,-12.5,49.0,
2020-12-20,Dallas Cowboys,San Francisco 49ers,41,33,,,,4.0,45.5,
2020-12-20,Indianapolis Colts,Houston Texans,27,20,,,,-7.5,52.5,
2020-12-20,Miami Dolphins,New England Patriots,22,12,,,,1.0,40.0,
2020-12-20,Minnesota Vikings,Chicago Bears,27,33,,,,-3.0,47.0,
2020-12-20,Tennessee Titans,Detroit Lions,46,25,,,,-8.5,54.0,
2020-12-20,Washington Commanders,Seattle Seahawks,15,20,,,,6.0,44.0,
2020-12-19,Green Bay Packers,Carolina Panthers,24,16,,,,-9.0,53.0,
2020-12-19,Denver Broncos,Buffalo Bills,19,48,,,,6.0,48.0,
2020-12-17,Las Vegas Raiders,Los Angeles Chargers,27,30,Y,,,-3.5,52.5,
2020-12-14,Cleveland Browns,Baltimore Ravens,42,47,,,,3.0,45.5,
2020-12-13,Buffalo Bills,Pittsburgh Steelers,26,15,,,,-2.0,48.5,
2020-12-13,Los Angeles Chargers,Atlanta Falcons,20,17,,,,-1.0,49.0,
2020-12-13,Philadelphia Eagles,New Orleans Saints,24,21,,,,7.5,42.5,
2020-12-13,San Francisco 49ers,Washington Commanders,15,23,,,,-3.0,43.5,
2020-12-13,Las Vegas Raiders,Indianapolis Colts,27,44,,,,2.5,52.0,
2020-12-13,Seattle Seahawks,New York Jets,40,3,,,,-16.5,49.0,
2020-12-13,Carolina Panthers,Denver Broncos,27,32,,,,-4.0,45.5,
2020-12-13,Chicago Bears,Houston Texans,36,7,,,,1.0,46.5,
2020-12-13,Cincinnati Bengals,Dallas Cowboys,7,30,,,,3.0,44.0,
2020-12-13,Detroit Lions,Green Bay Packers,24,31,,,,9.0,55.5,
2020-12-13,Jacksonville Jaguars,Tennessee Titans,10,31,,,,7.5,53.0,
2020-12-13,Miami Dolphins,Kansas City Chiefs,27,33,,,,7.0,51.5,
2020-12-13,New York Giants,Arizona Cardinals,7,26,,,,3.0,47.5,
2020-12-13,Tampa Bay Buccaneers,Minnesota Vikings,26,14,,,,-7.0,52.5,
2020-12-10,Los Angeles Rams,New England Patriots,24,3,,,,-5.0,43.5,
2020-12-08,Baltimore Ravens,Dallas Cowboys,34,17,,,,-8.5,45.5,
2020-12-07,San Francisco 49ers,Buffalo Bills,24,34,,,Y,-1.5,48.0,Played at State Farm Stadium in Arizona
2020-12-07,Pittsburgh Steelers,Washington Commanders,17,23,,,,-6.0,43.5,
2020-12-06,Kansas City Chiefs,Denver Broncos,22,16,,,,-13.0,51.5,
2020-12-06,Green Bay Packers,Philadelphia Eagles,30,16,,,,-8.5,49.5,
2020-12-06,Los Angeles Chargers,New England Patriots,0,45,,,,-2.0,47.0,
2020-12-06,Arizona Cardinals,Los Angeles Rams,28,38,,,,2.5,48.5,
2020-12-06,Seattle Seahawks,New York Giants,12,17,,,,-11.0,48.0,
2020-12-06,Atlanta Falcons,New Orleans Saints,16,21,,,,2.5,46.0,
2020-12-06,Chicago Bears,Detroit Lions,30,34,,,,-3.0,44.0,
2020-12-06,Houston Texans,Indianapolis Colts,20,26,,,,3.5,50.0,
2020-12-06,Miami Dolphins,Cincinnati Bengals,19,7,,,,-10.0,43.0,
2020-12-06,Minnesota Vikings,Jacksonville Jaguars,27,24,Y,,,-10.0,51.5,
2020-12-06,New York Jets,Las Vegas Raiders,28,31,,,,7.5,48.5,
2020-12-06,Tennessee Titans,Cleveland Browns,35,41,,,,-3.5,53.5,
2020-12-02,Pittsburgh Steelers,Baltimore Ravens,19,14,,,,-5.0,44.5,
2020-11-30,Philadelphia Eagles,Seattle Seahawks,17,23,,,,6.5,49.0,
2020-11-29,Green Bay Packers,Chicago Bears,41,25,,,,-9.5,44.0,
2020-11-29,Tampa Bay Buccaneers,Kansas City Chiefs,24,27,,,,3.5,56.0,
2020-11-29,Denver Broncos,New Orleans Saints,3,31,,,,14.5,36.5,
2020-11-29,Los Angeles Rams,San Francisco 49ers,20,23,,,,-6.5,44.5,
2020-11-29,Atlanta Falcons,Las Vegas Raiders,43,6,,,,3.0,53.5,
2020-11-29,Buffalo Bills,Los Angeles Chargers,27,17,,,,-4.5,52.0,
2020-11-29,Cincinnati Bengals,New York Giants,17,19,,,,6.0,44.5,
2020-11-29,Indianapolis Colts,Tennessee Titans,26,45,,,,-3.0,51.5,
2020-11-29,Jacksonville Jaguars,Cleveland Browns,25,27,,,,7.0,48.5,
2020-11-29,Minnesota Vikings,Carolina Panthers,28,27,,,,-3.0,50.0,
2020-11-29,New England Patriots,Arizona Cardinals,20,17,,,,2.0,49.0,
2020-11-29,New York Jets,Miami Dolphins,3,20,,,,7.0,44.5,
2020-11-26,Dallas Cowboys,Washington Commanders,16,41,,,,-3.0,46.0,
2020-11-26,Detroit Lions,Houston Texans,25,41,,,,3.0,51.0,
2020-11-23,Tampa Bay Buccaneers,Los Angeles Rams,24,27,,,,-4.5,48.0,
2020-11-22,Las Vegas Raiders,Kansas City Chiefs,31,35,,,,7.5,57.0,
2020-11-22,Indianapolis Colts,Green Bay Packers,34,31,Y,,,-1.5,51.5,
2020-11-22,Minnesota Vikings,Dallas Cowboys,28,31,,,,-7.0,48.5,
2020-11-22,Denver Broncos,Miami Dolphins,20,13,,,,3.5,46.0,
2020-11-22,Los Angeles Chargers,New York Jets,34,28,,,,-9.5,46.5,
2020-11-22,Baltimore Ravens,Tennessee Titans,24,30,Y,,,-6.0,50.0,
2020-11-22,Carolina Panthers,Detroit Lions,20,0,,,,1.5,46.5,
2020-11-22,Cleveland Browns,Philadelphia Eagles,22,17,,,,-3.0,47.0,
2020-11-22,Houston Texans,New England Patriots,27,20,,,,2.5,49.0,
2020-11-22,Jacksonville Jaguars,Pittsburgh Steelers,3,27,,,,10.5,46.0,
2020-11-22,New Orleans Saints,Atlanta Falcons,24,9,,,,-3.5,49.0,
2020-11-22,Washington Commanders,Cincinnati Bengals,20,9,,,,-1.5,47.0,
2020-11-19,Seattle Seahawks,Arizona Cardinals,28,21,,,,-3.0,57.5,
2020-11-16,Chicago Bears,Minnesota Vikings,13,19,,,,3.0,43.5,
2020-11-15,New England Patriots,Baltimore Ravens,23,17,,,,7.0,43.5,
2020-11-15,Los Angeles Rams,Seattle Seahawks,23,16,,,,-3.0,54.5,
2020-11-15,New Orleans Saints,San Francisco 49ers,27,13,,,,-9.5,49.5,
2020-11-15,Arizona Cardinals,Buffalo Bills,32,30,,,,-2.5,56.0,
2020-11-15,Las Vegas Raiders,Denver Broncos,37,12,,,,-3.5,50.5,
2020-11-15,Miami Dolphins,Los Angeles Chargers,29,21,,,,-2.0,48.5,
2020-11-15,Carolina Panthers,Tampa Bay Buccaneers,23,46,,,,6.0,51.0,
2020-11-15,Cleveland Browns,Houston Texans,10,7,,,,-4.0,45.5,
2020-11-15,Detroit Lions,Washington Commanders,30,27,,,,-3.0,46.0,
2020-11-15,Green Bay Packers,Jacksonville Jaguars,24,20,,,,-14.0,47.5,
2020-11-15,New York Giants,Philadelphia Eagles,27,17,,,,4.0,44.5,
2020-11-15,Pittsburgh Steelers,Cincinnati Bengals,36,10,,,,-7.0,46.5,
2020-11-12,Tennessee Titans,Indianapolis Colts,17,34,,,,-1.0,48.5,
2020-11-09,New York Jets,New England Patriots,27,30,,,,9.5,41.5,
2020-11-08,Tampa Bay Buccaneers,New Orleans Saints,3,38,,,,-4.0,50.5,
2020-11-08,Arizona Cardinals,Miami Dolphins,31,34,,,,-5.5,49.0,
2020-11-08,Dallas Cowboys,Pittsburgh Steelers,19,24,,,,14.0,44.0,
2020-11-08,Los Angeles Chargers,Las Vegas Raiders,26,31,,,,1.0,52.5,
2020-11-08,Atlanta Falcons,Denver Broncos,34,27,,,,-4.0,49.0,
2020-11-08,Buffalo Bills,Seattle Seahawks,44,34,,,,3.0,55.0,
2020-11-08,Indianapolis Colts,Baltimore Ravens,10,24,,,,1.0,48.0,
2020-11-08,Jacksonville Jaguars,Houston Texans,25,27,,,,6.5,49.5,
2020-11-08,Kansas City Chiefs,Carolina Panthers,33,31,,,,-10.0,51.5,
2020-11-08,Minnesota Vikings,Detroit Lions,34,20,,,,-4.0,52.0,
2020-11-08,Tennessee Titans,Chicago Bears,24,17,,,,-6.5,47.0,
2020-11-08,Washington Commanders,New York Giants,20,23,,,,-2.5,43.0,
2020-11-05,San Francisco 49ers,Green Bay Packers,17,34,,,,7.5,48.5,
2020-11-02,New York Giants,Tampa Bay Buccaneers,23,25,,,,12.5,45.0,
2020-11-01,Philadelphia Eagles,Dallas Cowboys,23,9,,,,-11.5,42.5,
2020-11-01,Chicago Bears,New Orleans Saints,23,26,Y,,,4.0,43.0,
2020-11-01,Seattle Seahawks,San Francisco 49ers,37,27,,,,-3.0,53.5,
2020-11-01,Denver Broncos,Los Angeles Chargers,31,30,,,,3.5,44.5,
2020-11-01,Baltimore Ravens,Pittsburgh Steelers,24,28,,,,-4.0,46.0,
2020-11-01,Buffalo Bills,New England Patriots,24,21,,,,-4.5,40.5,
2020-11-01,Cincinnati Bengals,Tennessee Titans,31,20,,,,7.0,50.5,
2020-11-01,Cleveland Browns,Las Vegas Raiders,6,16,,,,-1.5,48.0,
2020-11-01,Detroit Lions,Indianapolis Colts,21,41,,,,3.0,49.5,
2020-11-01,Green Bay Packers,Minnesota Vikings,22,28,,,,-6.5,50.0,
2020-11-01,Kansas City Chiefs,New York Jets,35,9,,,,-19.5,49.0,
2020-11-01,Miami Dolphins,Los Angeles Rams,28,17,,,,3.5,45.5,
2020-10-29,Carolina Panthers,Atlanta Falcons,17,25,,,,-2.0,51.0,
2020-10-26,Los Angeles Rams,Chicago Bears,24,10,,,,-6.0,45.0,
2020-10-25,Las Vegas Raiders,Tampa Bay Buccaneers,20,45,,,,3.5,52.0,
2020-10-25,Los Angeles Chargers,Jacksonville Jaguars,39,29,,,,-7.5,48.5,
2020-10-25,Denver Broncos,Kansas City Chiefs,16,43,,,,7.0,46.0,
2020-10-25,New England Patriots,San Francisco 49ers,6,33,,,,-3.0,44.5,
2020-10-25,Arizona Cardinals,Seattle Seahawks,37,34,Y,,,3.5,56.0,
2020-10-25,Atlanta Falcons,Detroit Lions,22,23,,,,-2.0,55.0,
2020-10-25,Cincinnati Bengals,Cleveland Browns,34,37,,,,3.0,51.0,
2020-10-25,Houston Texans,Green Bay Packers,20,35,,,,3.0,57.0,
2020-10-25,New Orleans Saints,Carolina Panthers,27,24,,,,-6.5,50.0,
2020-10-25,Tennessee Titans,Pittsburgh Steelers,24,27,,,,-1.0,51.0,
2020-10-25,New York Jets,Buffalo Bills,10,18,,,,10.0,46.0,
2020-10-25,Washington Commanders,Dallas Cowboys,25,3,,,,-1.0,45.0,
2020-10-22,Philadelphia Eagles,New York Giants,22,21,,,,-4.5,45.0,
2020-10-19,Dallas Cowboys,Arizona Cardinals,10,38,,,,1.0,55.0,
2020-10-19,Buffalo Bills,Kansas City Chiefs,17,26,,,,5.0,57.5,
2020-10-18,San Francisco 49ers,Los Angeles Rams,24,16,,,,2.5,51.5,
2020-10-18,Tampa Bay Buccaneers,Green Bay Packers,38,10,,,,1.0,55.0,
2020-10-18,Miami Dolphins,New York Jets,24,0,,,,-9.0,47.0,
2020-10-18,Carolina Panthers,Chicago Bears,16,23,,,,-1.5,44.5,
2020-10-18,Indianapolis Colts,Cincinnati Bengals,31,27,,,,-7.5,45.5,
2020-10-18,Jacksonville Jaguars,Detroit Lions,16,34,,,,3.0,54.5,
2020-10-18,Minnesota Vikings,Atlanta Falcons,23,40,,,,-4.0,54.0,
2020-10-18,New England Patriots,Denver Broncos,12,18,,,,-8.0,45.0,
2020-10-18,New York Giants,Washington Commanders,20,19,,,,-2.5,43.0,
2020-10-18,Philadelphia Eagles,Baltimore Ravens,28,30,,,,10.0,46.5,
2020-10-18,Pittsburgh Steelers,Cleveland Browns,38,7,,,,-3.0,51.0,
2020-10-18,Tennessee Titans,Houston Texans,42,36,Y,,,-3.5,53.5,
2020-10-13,Tennessee Titans,Buffalo Bills,42,16,,,,3.5,53.0,
2020-10-12,New Orleans Saints,Los Angeles Chargers,30,27,Y,,,-7.0,49.5,
2020-10-11,Seattle Seahawks,Minnesota Vikings,27,26,,,,-6.5,56.5,
2020-10-11,Cleveland Browns,Indianapolis Colts,32,23,,,,-1.0,48.0,
2020-10-11,Dallas Cowboys,New York Giants,37,34,,,,-8.0,53.0,
2020-10-11,San Francisco 49ers,Miami Dolphins,17,43,,,,-7.5,51.0,
2020-10-11,Atlanta Falcons,Carolina Panthers,16,23,,,,-2.5,54.0,
2020-10-11,Baltimore Ravens,Cincinnati Bengals,27,3,,,,-11.0,50.5,
2020-10-11,Houston Texans,Jacksonville Jaguars,30,14,,,,-5.5,54.5,
2020-10-11,Kansas City Chiefs,Las Vegas Raiders,32,40,,,,-10.5,54.5,
2020-10-11,New York Jets,Arizona Cardinals,10,30,,,,7.0,47.5,
2020-10-11,Pittsburgh Steelers,Philadelphia Eagles,38,29,,,,-7.0,43.5,
2020-10-11,Washington Commanders,Los Angeles Rams,10,30,,,,7.0,46.0,
2020-10-08,Chicago Bears,Tampa Bay Buccaneers,20,19,,,,3.5,44.5,
2020-10-05,Green Bay Packers,Atlanta Falcons,30,16,,,,-7.0,56.5,
2020-10-05,Kansas City Chiefs,New England Patriots,26,10,,,,-7.0,53.0,
2020-10-04,San Francisco 49ers,Philadelphia Eagles,20,25,,,,-7.5,45.0,
2020-10-04,Las Vegas Raiders,Buffalo Bills,23,30,,,,3.0,53.0,
2020-10-04,Los Angeles Rams,New York Giants,17,9,,,,-13.0,48.5,
2020-10-04,Carolina Panthers,Arizona Cardinals,31,21,,,,3.0,51.5,
2020-10-04,Chicago Bears,Indianapolis Colts,11,19,,,,3.0,43.0,
2020-10-04,Cincinnati Bengals,Jacksonville Jaguars,33,25,,,,-2.5,49.0,
2020-10-04,Dallas Cowboys,Cleveland Browns,38,49,,,,-3.5,56.0,
2020-10-04,Detroit Lions,New Orleans Saints,29,35,,,,3.0,54.5,
2020-10-04,Houston Texans,Minnesota Vikings,23,31,,,,-3.5,53.5,
2020-10-04,Miami Dolphins,Seattle Seahawks,23,31,,,,5.5,54.5,
2020-10-04,Tampa Bay Buccaneers,Los Angeles Chargers,38,31,,,,-7.0,42.5,
2020-10-04,Washington Commanders,Baltimore Ravens,17,31,,,,14.0,45.0,
2020-10-01,New York Jets,Denver Broncos,28,37,,,,-1.5,41.0,
2020-09-28,Baltimore Ravens,Kansas City Chiefs,20,34,,,,-3.0,54.0,
2020-09-27,New Orleans Saints,Green Bay Packers,30,37,,,,-3.0,53.0,
2020-09-27,Arizona Cardinals,Detroit Lions,23,26,,,,-5.5,55.5,
2020-09-27,Denver Broncos,Tampa Bay Buccaneers,10,28,,,,6.0,42.5,
2020-09-27,Seattle Seahawks,Dallas Cowboys,38,31,,,,-5.0,56.5,
2020-09-27,Indianapolis Colts,New York Jets,36,7,,,,-11.5,44.0,
2020-09-27,Los Angeles Chargers,Carolina Panthers,16,21,,,,-6.5,43.5,
2020-09-27,Atlanta Falcons,Chicago Bears,26,30,,,,-3.0,47.0,
2020-09-27,Buffalo Bills,Los Angeles Rams,35,32,,,,-2.0,47.0,
2020-09-27,Cleveland Browns,Washington Commanders,34,20,,,,-7.0,44.5,
2020-09-27,Minnesota Vikings,Tennessee Titans,30,31,,,,2.5,50.0,
2020-09-27,New England Patriots,Las Vegas Raiders,36,20,,,,-6.5,47.0,
2020-09-27,New York Giants,San Francisco 49ers,9,36,,,,3.0,43.0,
2020-09-27,Philadelphia Eagles,Cincinnati Bengals,23,23,Y,,,-4.5,47.5,
2020-09-27,Pittsburgh Steelers,Houston Texans,28,21,,,,-4.0,46.0,
2020-09-24,Jacksonville Jaguars,Miami Dolphins,13,31,,,,-3.0,48.0,
2020-09-21,Las Vegas Raiders,New Orleans Saints,34,24,,,,5.5,48.5,
2020-09-20,Seattle Seahawks,New England Patriots,35,30,,,,-4.0,44.5,
2020-09-20,Houston Texans,Baltimore Ravens,16,33,,,,7.0,49.0,
2020-09-20,Los Angeles Chargers,Kansas City Chiefs,20,23,Y,,,8.5,47.5,
2020-09-20,Arizona Cardinals,Washington Commanders,30,15,,,,-7.0,46.5,
2020-09-20,Chicago Bears,New York Giants,17,13,,,,-5.5,42.0,
2020-09-20,Dallas Cowboys,Atlanta Falcons,40,39,,,,-3.5,53.5,
2020-09-20,Green Bay Packers,Detroit Lions,42,21,,,,-6.0,50.0,
2020-09-20,Indianapolis Colts,Minnesota Vikings,28,11,,,,-3.0,49.0,
2020-09-20,Miami Dolphins,Buffalo Bills,28,31,,,,5.5,42.0,
2020-09-20,New York Jets,San Francisco 49ers,13,31,,,,7.0,41.5,
2020-09-20,Philadelphia Eagles,Los Angeles Rams,19,37,,,,-1.5,45.5,
2020-09-20,Pittsburgh Steelers,Denver Broncos,26,21,,,,-6.5,40.5,
2020-09-20,Tampa Bay Buccaneers,Carolina Panthers,31,17,,,,-8.0,47.0,
2020-09-20,Tennessee Titans,Jacksonville Jaguars,33,30,,,,-7.5,44.0,
2020-09-17,Cleveland Browns,Cincinnati Bengals,35,30,,,,-6.0,43.0,
2020-09-14,Denver Broncos,Tennessee Titans,14,16,,,,3.0,41.0,
2020-09-14,New York Giants,Pittsburgh Steelers,16,26,,,,5.5,45.0,
2020-09-13,Los Angeles Rams,Dallas Cowboys,20,17,,,,2.0,51.5,
2020-09-13,New Orleans Saints,Tampa Bay Buccaneers,34,23,,,,-3.5,47.5,
2020-09-13,San Francisco 49ers,Arizona Cardinals,20,24,,,,-6.5,48.0,
2020-09-13,Cincinnati Bengals,Los Angeles Chargers,13,16,,,,3.0,41.5,
2020-09-13,Atlanta Falcons,Seattle Seahawks,25,38,,,,1.0,49.0,
2020-09-13,Baltimore Ravens,Cleveland Browns,38,6,,,,-7.0,47.5,
2020-09-13,Buffalo Bills,New York Jets,27,17,,,,-6.5,39.5,
2020-09-13,Carolina Panthers,Las Vegas Raiders,30,34,,,,3.0,48.0,
2020-09-13,Detroit Lions,Chicago Bears,23,27,,,,-2.5,42.5,
2020-09-13,Jacksonville Jaguars,Indianapolis Colts,27,20,,,,8.0,45.0,
2020-09-13,Minnesota Vikings,Green Bay Packers,34,43,,,,-2.5,44.5,
2020-09-13,New England Patriots,Miami Dolphins,21,11,,,,-7.0,41.5,
2020-09-13,Washington Commanders,Philadelphia Eagles,27,17,,,,5.0,42.0,
2020-09-10,Kansas City Chiefs,Houston Texans,34,20,,,,-9.0,54.0,
2020-02-02,Kansas City Chiefs,San Francisco 49ers,31,20,,Y,Y,-1.5,53.0,
2020-01-19,San Francisco 49ers,Green Bay Packers,37,20,,Y,,-8.0,46.5,
2020-01-19,Kansas City Chiefs,Tennessee Titans,35,24,,Y,,-7.0,51.0,
2020-01-12,Green Bay Packers,Seattle Seahawks,28,23,,Y,,-4.5,45.5,
2020-01-12,Kansas City Chiefs,Houston Texans,51,31,,Y,,-10.0,50.5,
2020-01-11,Baltimore Ravens,Tennessee Titans,12,28,,Y,,-10.0,47.5,
2020-01-11,San Francisco 49ers,Minnesota Vikings,27,10,,Y,,-7.0,44.5,
2020-01-05,Philadelphia Eagles,Seattle Seahawks,9,17,,Y,,-1.0,44.5,
2020-01-05,New Orleans Saints,Minnesota Vikings,20,26,Y,Y,,-7.5,49.5,
2020-01-04,New England Patriots,Tennessee Titans,13,20,,Y,,-4.5,45.0,
2020-01-04,Houston Texans,Buffalo Bills,22,19,Y,Y,,-2.5,43.0,
2019-12-29,Seattle Seahawks,San Francisco 49ers,21,26,,,,3.5,47.0,
2019-12-29,Denver Broncos,Oakland Raiders,16,15,,,,-4.5,41.0,
2019-12-29,Los Angeles Rams,Arizona Cardinals,31,24,,,,-7.0,45.5,
2019-12-29,Baltimore Ravens,Pittsburgh Steelers,28,10,,,,1.0,35.0,
2019-12-29,Buffalo Bills,New York Jets,6,13,,,,1.0,37.0,
2019-12-29,Carolina Panthers,New Orleans Saints,10,42,,,,14.0,44.5,
2019-12-29,Cincinnati Bengals,Cleveland Browns,33,23,,,,2.5,43.5,
2019-12-29,Dallas Cowboys,Washington Commanders,47,16,,,,-12.5,47.5,
2019-12-29,Detroit Lions,Green Bay Packers,20,23,,,,13.0,44.0,
2019-12-29,Houston Texans,Tennessee Titans,14,35,,,,10.0,43.0,
2019-12-29,Jacksonville Jaguars,Indianapolis Colts,38,20,,,,5.5,41.5,
2019-12-29,Kansas City Chiefs,Los Angeles Chargers,31,21,,,,-9.5,46.0,
2019-12-29,Minnesota Vikings,Chicago Bears,19,21,,,,4.5,36.0,
2019-12-29,New England Patriots,Miami Dolphins,24,27,,,,-17.0,45.5,
2019-12-29,New York Giants,Philadelphia Eagles,17,34,,,,3.5,44.5,
2019-12-29,Tampa Bay Buccaneers,Atlanta Falcons,22,28,Y,,,-1.0,48.5,
2019-12-23,Minnesota Vikings,Green Bay Packers,10,23,,,,-4.0,46.5,
2019-12-22,Chicago Bears,Kansas City Chiefs,3,26,,,,7.0,45.5,
2019-12-22,Philadelphia Eagles,Dallas Cowboys,17,9,,,,2.0,46.5,
2019-12-22,Seattle Seahawks,Arizona Cardinals,13,27,,,,-8.0,51.0,
2019-12-22,Denver Broncos,Detroit Lions,27,17,,,,-7.5,40.0,
2019-12-22,Los Angeles Chargers,Oakland Raiders,17,24,,,,-7.5,45.0,
2019-12-22,Atlanta Falcons,Jacksonville Jaguars,24,12,,,,-7.0,48.0,
2019-12-22,Cleveland Browns,Baltimore Ravens,15,31,,,,10.0,49.0,
2019-12-22,Indianapolis Colts,Carolina Panthers,38,6,,,,-7.0,46.5,
2019-12-22,Miami Dolphins,Cincinnati Bengals,38,35,Y,,,1.5,45.0,
2019-12-22,New York Jets,Pittsburgh Steelers,16,10,,,,3.0,36.5,
2019-12-22,Tennessee Titans,New Orleans Saints,28,38,,,,3.0,49.0,
2019-12-22,Washington Commanders,New York Giants,35,41,Y,,,1.0,42.0,
2019-12-21,San Francisco 49ers,Los Angeles Rams,34,31,,,,-7.0,45.5,
2019-12-21,New England Patriots,Buffalo Bills,24,17,,,,-6.5,38.5,
2019-12-21,Tampa Bay Buccaneers,Houston Texans,20,23,,,,3.0,50.5,
2019-12-16,New Orleans Saints,Indianapolis Colts,34,7,,,,-8.5,49.0,
2019-12-15,Pittsburgh Steelers,Buffalo Bills,10,17,,,,-1.0,37.0,
2019-12-15,Dallas Cowboys,Los Angeles Rams,44,21,,,,1.0,48.5,
2019-12-15,San Francisco 49ers,Atlanta Falcons,22,29,,,,-10.0,49.5,
2019-12-15,Arizona Cardinals,Cleveland Browns,38,24,,,,3.0,49.0,
2019-12-15,Los Angeles Chargers,Minnesota Vikings,10,39,,,,1.0,45.0,
2019-12-15,Oakland Raiders,Jacksonville Jaguars,16,20,,,,-6.5,46.0,
2019-12-15,Carolina Panthers,Seattle Seahawks,24,30,,,,6.0,48.5,
2019-12-15,Cincinnati Bengals,New England Patriots,13,34,,,,10.5,41.5,
2019-12-15,Detroit Lions,Tampa Bay Buccaneers,17,38,,,,6.0,46.0,
2019-12-15,Green Bay Packers,Chicago Bears,21,13,,,,-4.5,41.0,
2019-12-15,Kansas City Chiefs,Denver Broncos,23,3,,,,-9.0,43.0,
2019-12-15,New York Giants,Miami Dolphins,36,20,,,,-3.5,46.5,
2019-12-15,Tennessee Titans,Houston Texans,21,24,,,,-3.0,50.0,
2019-12-15,Washington Commanders,Philadelphia Eagles,27,37,,,,6.5,38.5,
2019-12-12,Baltimore Ravens,New York Jets,42,21,,,,-17.0,44.0,
2019-12-09,Philadelphia Eagles,New York Giants,23,17,Y,,,-9.5,45.0,
2019-12-08,Los Angeles Rams,Seattle Seahawks,28,12,,,,-1.0,47.5,
2019-12-08,Arizona Cardinals,Pittsburgh Steelers,17,23,,,,2.5,43.5,
2019-12-08,New England Patriots,Kansas City Chiefs,16,23,,,,-3.0,48.5,
2019-12-08,Oakland Raiders,Tennessee Titans,21,42,,,,2.5,47.0,
2019-12-08,Jacksonville Jaguars,Los Angeles Chargers,10,45,,,,3.0,42.0,
2019-12-08,Atlanta Falcons,Carolina Panthers,40,20,,,,-3.5,48.0,
2019-12-08,Buffalo Bills,Baltimore Ravens,17,24,,,,6.0,44.0,
2019-12-08,Cleveland Browns,Cincinnati Bengals,27,19,,,,-6.5,43.5,
2019-12-08,Green Bay Packers,Washington Commanders,20,15,,,,-13.0,42.0,
2019-12-08,Houston Texans,Denver Broncos,24,38,,,,-8.0,42.5,
2019-12-08,Minnesota Vikings,Detroit Lions,20,7,,,,-11.5,44.0,
2019-12-08,New Orleans Saints,San Francisco 49ers,46,48,,,,-1.5,45.0,
2019-12-08,New York Jets,Miami Dolphins,22,21,,,,-5.0,47.0,
2019-12-08,Tampa Bay Buccaneers,Indianapolis Colts,38,35,,,,-3.0,46.5,
2019-12-05,Chicago Bears,Dallas Cowboys,31,24,,,,3.0,43.0,
2019-12-02,Seattle Seahawks,Minnesota Vikings,37,30,,,,-2.5,48.5,
2019-12-01,Houston Texans,New England Patriots,28,22,,,,3.0,47.0,
2019-12-01,Denver Broncos,Los Angeles Chargers,23,20,,,,4.5,38.5,
2019-12-01,Kansas City Chiefs,Oakland Raiders,40,9,,,,-10.5,49.5,
2019-12-01,Arizona Cardinals,Los Angeles Rams,7,34,,,,2.5,47.0,
2019-12-01,Baltimore Ravens,San Francisco 49ers,20,17,,,,-5.5,45.0,
2019-12-01,Carolina Panthers,Washington Commanders,21,29,,,,-10.5,38.5,
2019-12-01,Cincinnati Bengals,New York Jets,22,6,,,,3.0,43.0,
2019-12-01,Indianapolis Colts,Tennessee Titans,17,31,,,,1.0,41.5,
2019-12-01,Jacksonville Jaguars,Tampa Bay Buccaneers,11,28,,,,3.0,46.5,
2019-12-01,Miami Dolphins,Philadelphia Eagles,37,31,,,,10.0,44.5,
2019-12-01,New York Giants,Green Bay Packers,13,31,,,,6.5,43.5,
2019-12-01,Pittsburgh Steelers,Cleveland Browns,20,13,,,,1.0,40.0,
2019-11-28,Atlanta Falcons,New Orleans Saints,18,26,,,,7.0,48.0,
2019-11-28,Dallas Cowboys,Buffalo Bills,15,26,,,,-6.5,46.5,
2019-11-28,Detroit Lions,Chicago Bears,20,24,,,,5.5,37.0,
2019-11-25,Los Angeles Rams,Baltimore Ravens,6,45,,,,3.5,47.0,
2019-11-24,San Francisco 49ers,Green Bay Packers,37,8,,,,-3.0,48.0,
2019-11-24,New England Patriots,Dallas Cowboys,13,9,,,,-5.5,44.5,
2019-11-24,Tennessee Titans,Jacksonville Jaguars,42,20,,,,-4.0,42.5,
2019-11-24,Atlanta Falcons,Tampa Bay Buccaneers,22,35,,,,-3.5,51.5,
2019-11-24,Buffalo Bills,Denver Broncos,20,3,,,,-3.5,37.0,
2019-11-24,Chicago Bears,New York Giants,19,14,,,,-6.0,41.0,
2019-11-24,Cincinnati Bengals,Pittsburgh Steelers,10,16,,,,6.5,37.0,
2019-11-24,Cleveland Browns,Miami Dolphins,41,24,,,,-11.0,46.0,
2019-11-24,New Orleans Saints,Carolina Panthers,34,31,,,,-10.0,46.5,
2019-11-24,New York Jets,Oakland Raiders,34,3,,,,3.0,44.5,
2019-11-24,Philadelphia Eagles,Seattle Seahawks,9,17,,,,2.0,45.5,
2019-11-24,Washington Commanders,Detroit Lions,19,16,,,,4.0,40.0,
2019-11-21,Houston Texans,Indianapolis Colts,20,17,,,,-3.5,46.0,
2019-11-18,Los Angeles Chargers,Kansas City Chiefs,17,24,,,Y,5.5,52.5,Played in Mexico City
2019-11-17,Los Angeles Rams,Chicago Bears,17,7,,,,-5.5,40.0,
2019-11-17,Oakland Raiders,Cincinnati Bengals,17,10,,,,-13.0,48.0,
2019-11-17,Philadelphia Eagles,New England Patriots,10,17,,,,4.5,45.0,
2019-11-17,San Francisco 49ers,Arizona Cardinals,36,26,,,,-10.0,44.0,
2019-11-17,Baltimore Ravens,Houston Texans,41,7,,,,-4.5,51.0,
2019-11-17,Carolina Panthers,Atlanta Falcons,3,29,,,,-4.0,49.0,
2019-11-17,Detroit Lions,Dallas Cowboys,27,35,,,,7.0,46.5,
2019-11-17,Indianapolis Colts,Jacksonville Jaguars,33,13,,,,-2.5,41.5,
2019-11-17,Miami Dolphins,Buffalo Bills,20,37,,,,7.0,41.0,
2019-11-17,Minnesota Vikings,Denver Broncos,27,23,,,,-10.0,40.0,
2019-11-17,Tampa Bay Buccaneers,New Orleans Saints,17,34,,,,5.0,50.5,
2019-11-17,Washington Commanders,New York Jets,17,34,,,,-2.0,37.5,
2019-11-14,Cleveland Browns,Pittsburgh Steelers,21,7,,,,-3.0,41.5,
2019-11-11,San Francisco 49ers,Seattle Seahawks,24,27,Y,,,-6.5,46.5,
2019-11-10,Dallas Cowboys,Minnesota Vikings,24,28,,,,-3.0,48.0,
2019-11-10,Green Bay Packers,Carolina Panthers,24,16,,,,-5.0,49.0,
2019-11-10,Pittsburgh Steelers,Los Angeles Rams,17,12,,,,4.5,43.5,
2019-11-10,Indianapolis Colts,Miami Dolphins,12,16,,,,-11.0,44.0,
2019-11-10,Chicago Bears,Detroit Lions,20,13,,,,-6.0,38.0,
2019-11-10,Cincinnati Bengals,Baltimore Ravens,13,49,,,,10.5,44.0,
2019-11-10,Cleveland Browns,Buffalo Bills,19,16,,,,-3.0,42.0,
2019-11-10,New Orleans Saints,Atlanta Falcons,9,26,,,,-13.5,51.5,
2019-11-10,New York Jets,New York Giants,34,27,,,,3.0,43.0,
2019-11-10,Tampa Bay Buccaneers,Arizona Cardinals,30,27,,,,-5.5,51.5,
2019-11-10,Tennessee Titans,Kansas City Chiefs,35,32,,,,6.0,49.0,
2019-11-07,Oakland Raiders,Los Angeles Chargers,26,24,,,,1.0,49.0,
2019-11-04,New York Giants,Dallas Cowboys,18,37,,,,6.5,48.5,
2019-11-03,Baltimore Ravens,New England Patriots,37,20,,,,3.0,44.5,
2019-11-03,Denver Broncos,Cleveland Browns,24,19,,,,4.0,39.0,
2019-11-03,Los Angeles Chargers,Green Bay Packers,26,11,,,,4.0,50.0,
2019-11-03,Oakland Raiders,Detroit Lions,31,24,,,,-2.5,51.0,
2019-11-03,Seattle Seahawks,Tampa Bay Buccaneers,40,34,Y,,,-4.0,51.0,
2019-11-03,Buffalo Bills,Washington Commanders,24,9,,,,-10.5,37.0,
2019-11-03,Carolina Panthers,Tennessee Titans,30,20,,,,-3.5,43.0,
2019-11-03,Kansas City Chiefs,Minnesota Vikings,26,23,,,,5.5,45.5,
2019-11-03,Miami Dolphins,New York Jets,26,18,,,,3.0,42.5,
2019-11-03,Philadelphia Eagles,Chicago Bears,22,14,,,,-5.0,41.0,
2019-11-03,Pittsburgh Steelers,Indianapolis Colts,26,24,,,,-1.0,40.0,
2019-11-03,Jacksonville Jaguars,Houston Texans,3,26,,,Y,-1.0,46.0,Played at Wembley
2019-10-31,Arizona Cardinals,San Francisco 49ers,25,28,,,,10.0,43.0,
2019-10-28,Pittsburgh Steelers,Miami Dolphins,27,14,,,,-14.0,44.0,
2019-10-27,Kansas City Chiefs,Green Bay Packers,24,31,,,,5.0,47.5,
2019-10-27,Indianapolis Colts,Denver Broncos,15,13,,,,-6.0,42.0,
2019-10-27,New England Patriots,Cleveland Browns,27,13,,,,-10.0,43.0,
2019-10-27,San Francisco 49ers,Carolina Panthers,51,13,,,,-4.0,40.5,
2019-10-27,Atlanta Falcons,Seattle Seahawks,20,27,,,,7.5,48.5,
2019-10-27,Buffalo Bills,Philadelphia Eagles,13,31,,,,-1.0,39.5,
2019-10-27,Chicago Bears,Los Angeles Chargers,16,17,,,,-3.5,41.0,
2019-10-27,Detroit Lions,New York Giants,31,26,,,,-6.5,49.0,
2019-10-27,Houston Texans,Oakland Raiders,27,24,,,,-6.0,52.0,
2019-10-27,Jacksonville Jaguars,New York Jets,29,15,,,,-6.5,40.0,
2019-10-27,Los Angeles Rams,Cincinnati Bengals,24,10,,,Y,-12.0,48.5,Played at Wembley
2019-10-27,New Orleans Saints,Arizona Cardinals,31,9,,,,-12.5,48.0,
2019-10-27,Tennessee Titans,Tampa Bay Buccaneers,27,23,,,,-2.0,45.5,
2019-10-24,Minnesota Vikings,Washington Commanders,19,9,,,,-16.5,42.0,
2019-10-21,New York Jets,New England Patriots,0,33,,,,10.0,43.0,
2019-10-20,Dallas Cowboys,Philadelphia Eagles,37,10,,,,-3.0,50.0,
2019-10-20,Chicago Bears,New Orleans Saints,25,36,,,,-4.0,37.0,
2019-10-20,Seattle Seahawks,Baltimore Ravens,16,30,,,,-3.0,48.5,
2019-10-20,Tennessee Titans,Los Angeles Chargers,23,20,,,,-2.5,42.5,
2019-10-20,Atlanta Falcons,Los Angeles Rams,10,37,,,,3.0,54.5,
2019-10-20,Buffalo Bills,Miami Dolphins,31,21,,,,-17.0,42.5,
2019-10-20,Cincinnati Bengals,Jacksonville Jaguars,17,27,,,,4.0,44.0,
2019-10-20,Detroit Lions,Minnesota Vikings,30,42,,,,2.5,43.5,
2019-10-20,Green Bay Packers,Oakland Raiders,42,24,,,,-5.5,47.5,
2019-10-20,Indianapolis Colts,Houston Texans,30,23,,,,-1.0,46.5,
2019-10-20,New York Giants,Arizona Cardinals,21,27,,,,-3.5,50.0,
2019-10-20,Washington Commanders,San Francisco 49ers,0,9,,,,10.0,39.0,
2019-10-17,Denver Broncos,Kansas City Chiefs,6,30,,,,3.0,49.5,
2019-10-14,Green Bay Packers,Detroit Lions,23,22,,,,-3.5,47.0,
2019-10-13,Los Angeles Chargers,Pittsburgh Steelers,17,24,,,,-6.0,42.5,
2019-10-13,Denver Broncos,Tennessee Titans,16,0,,,,-1.5,41.0,
2019-10-13,New York Jets,Dallas Cowboys,24,22,,,,7.0,43.5,
2019-10-13,Arizona Cardinals,Atlanta Falcons,34,33,,,,3.0,52.0,
2019-10-13,Los Angeles Rams,San Francisco 49ers,7,20,,,,-3.0,50.0,
2019-10-13,Baltimore Ravens,Cincinnati Bengals,23,17,,,,-10.5,46.5,
2019-10-13,Cleveland Browns,Seattle Seahawks,28,32,,,,-1.0,45.5,
2019-10-13,Jacksonville Jaguars,New Orleans Saints,6,13,,,,-2.5,42.5,
2019-10-13,Kansas City Chiefs,Houston Texans,24,31,,,,-3.5,54.5,
2019-10-13,Miami Dolphins,Washington Commanders,16,17,,,,5.5,42.5,
2019-10-13,Minnesota Vikings,Philadelphia Eagles,38,20,,,,-3.5,44.5,
2019-10-13,Tampa Bay Buccaneers,Carolina Panthers,26,37,,,Y,2.0,47.5,Played at Tottenham Hotspur Stadium
2019-10-10,New England Patriots,New York Giants,35,14,,,,-16.5,43.0,
2019-10-07,San Francisco 49ers,Cleveland Browns,31,3,,,,-4.5,48.0,
2019-10-06,Kansas City Chiefs,Indianapolis Colts,13,19,,,,-10.5,55.5,
2019-10-06,Dallas Cowboys,Green Bay Packers,24,34,,,,-3.0,46.5,
2019-10-06,Los Angeles Chargers,Denver Broncos,13,20,,,,-4.5,45.5,
2019-10-06,Carolina Panthers,Jacksonville Jaguars,34,27,,,,-3.0,40.5,
2019-10-06,Cincinnati Bengals,Arizona Cardinals,23,26,,,,-3.0,46.5,
2019-10-06,Houston Texans,Atlanta Falcons,53,32,,,,-4.0,49.0,
2019-10-06,New Orleans Saints,Tampa Bay Buccaneers,31,24,,,,-3.0,46.5,
2019-10-06,New York Giants,Minnesota Vikings,10,28,,,,5.5,43.5,
2019-10-06,Oakland Raiders,Chicago Bears,24,21,,,Y,6.5,39.5,Played at Tottenham Hotspur Stadium
2019-10-06,Philadelphia Eagles,New York Jets,31,6,,,,-14.0,43.0,
2019-10-06,Pittsburgh Steelers,Baltimore Ravens,23,26,Y,,,3.0,44.0,
2019-10-06,Tennessee Titans,Buffalo Bills,7,14,,,,-3.0,39.5,
2019-10-06,Washington Commanders,New England Patriots,7,33,,,,16.5,41.5,
2019-10-03,Seattle Seahawks,Los Angeles Rams,30,29,,,,-1.5,48.5,
2019-09-30,Pittsburgh Steelers,Cincinnati Bengals,27,3,,,,-3.5,45.0,
2019-09-29,New Orleans Saints,Dallas Cowboys,12,10,,,,2.5,47.0,
2019-09-29,Chicago Bears,Minnesota Vikings,16,6,,,,-1.0,38.5,
2019-09-29,Denver Broncos,Jacksonville Jaguars,24,26,,,,-2.5,37.5,
2019-09-29,Arizona Cardinals,Seattle Seahawks,10,27,,,,5.5,48.5,
2019-09-29,Los Angeles Rams,Tampa Bay Buccaneers,40,55,,,,-9.0,48.5,
2019-09-29,Atlanta Falcons,Tennessee Titans,10,24,,,,-3.5,46.5,
2019-09-29,Baltimore Ravens,Cleveland Browns,25,40,,,,-7.0,47.5,
2019-09-29,Buffalo Bills,New England Patriots,10,16,,,,7.0,41.5,
2019-09-29,Detroit Lions,Kansas City Chiefs,30,34,,,,7.0,54.5,
2019-09-29,Houston Texans,Carolina Panthers,10,16,,,,-5.0,47.5,
2019-09-29,Indianapolis Colts,Oakland Raiders,24,31,,,,-6.0,46.5,
2019-09-29,Miami Dolphins,Los Angeles Chargers,10,30,,,,15.0,43.5,
2019-09-29,New York Giants,Washington Commanders,24,3,,,,-3.0,48.0,
2019-09-26,Green Bay Packers,Philadelphia Eagles,27,34,,,,-3.5,46.5,
2019-09-23,Washington Commanders,Chicago Bears,15,31,,,,5.0,41.0,
2019-09-22,Cleveland Browns,Los Angeles Rams,13,20,,,,4.0,48.0,
2019-09-22,Los Angeles Chargers,Houston Texans,20,27,,,,-3.0,49.0,
2019-09-22,Seattle Seahawks,New Orleans Saints,27,33,,,,-5.0,44.0,
2019-09-22,San Francisco 49ers,Pittsburgh Steelers,24,20,,,,-6.0,44.5,
2019-09-22,Tampa Bay Buccaneers,New York Giants,31,32,,,,-5.0,48.0,
2019-09-22,Arizona Cardinals,Carolina Panthers,20,38,,,,-2.5,45.5,
2019-09-22,Buffalo Bills,Cincinnati Bengals,21,17,,,,-6.0,43.5,
2019-09-22,Dallas Cowboys,Miami Dolphins,31,6,,,,-21.5,46.5,
2019-09-22,Green Bay Packers,Denver Broncos,27,16,,,,-7.0,41.5,
2019-09-22,Indianapolis Colts,Atlanta Falcons,27,24,,,,-1.5,48.0,
2019-09-22,Kansas City Chiefs,Baltimore Ravens,33,28,,,,-5.0,52.0,
2019-09-22,Minnesota Vikings,Oakland Raiders,34,14,,,,-9.0,43.5,
2019-09-22,New England Patriots,New York Jets,30,14,,,,-21.0,43.0,
2019-09-22,Philadelphia Eagles,Detroit Lions,24,27,,,,-4.0,45.0,
2019-09-19,Jacksonville Jaguars,Tennessee Titans,20,7,,,,2.0,38.0,
2019-09-16,New York Jets,Cleveland Browns,3,23,,,,6.5,45.0,
2019-09-15,Atlanta Falcons,Philadelphia Eagles,24,20,,,,1.0,53.0,
2019-09-15,Denver Broncos,Chicago Bears,14,16,,,,3.0,40.5,
2019-09-15,Los Angeles Rams,New Orleans Saints,27,9,,,,-2.0,52.0,
2019-09-15,Oakland Raiders,Kansas City Chiefs,10,28,,,,7.0,53.0,
2019-09-15,Baltimore Ravens,Arizona Cardinals,23,17,,,,-13.0,45.5,
2019-09-15,Cincinnati Bengals,San Francisco 49ers,17,41,,,,-1.0,46.0,
2019-09-15,Detroit Lions,Los Angeles Chargers,13,10,,,,1.0,46.5,
2019-09-15,Green Bay Packers,Minnesota Vikings,21,16,,,,-3.0,43.0,
2019-09-15,Houston Texans,Jacksonville Jaguars,13,12,,,,-7.0,43.0,
2019-09-15,Miami Dolphins,New England Patriots,0,43,,,,18.0,48.5,
2019-09-15,New York Giants,Buffalo Bills,14,28,,,,1.0,44.5,
2019-09-15,Pittsburgh Steelers,Seattle Seahawks,26,28,,,,-4.0,47.0,
2019-09-15,Tennessee Titans,Indianapolis Colts,17,19,,,,-3.5,43.5,
2019-09-15,Washington Commanders,Dallas Cowboys,21,31,,,,6.0,46.0,
2019-09-12,Carolina Panthers,Tampa Bay Buccaneers,14,20,,,,-6.5,48.0,
2019-09-09,Oakland Raiders,Denver Broncos,24,16,,,,3.0,42.5,
2019-09-09,New Orleans Saints,Houston Texans,30,28,,,,-6.5,51.5,
2019-09-08,New England Patriots,Pittsburgh Steelers,33,3,,,,-5.5,49.0,
2019-09-08,Arizona Cardinals,Detroit Lions,27,27,Y,,,3.0,45.5,
2019-09-08,Dallas Cowboys,New York Giants,35,17,,,,-7.0,44.0,
2019-09-08,Tampa Bay Buccaneers,San Francisco 49ers,17,31,,,,-1.0,51.0,
2019-09-08,Los Angeles Chargers,Indianapolis Colts,30,24,Y,,,-6.0,44.5,
2019-09-08,Seattle Seahawks,Cincinnati Bengals,21,20,,,,-9.0,44.0,
2019-09-08,Carolina Panthers,Los Angeles Rams,27,30,,,,2.0,49.5,
2019-09-08,Cleveland Browns,Tennessee Titans,13,43,,,,-5.5,44.0,
2019-09-08,Jacksonville Jaguars,Kansas City Chiefs,26,40,,,,3.5,49.0,
2019-09-08,Miami Dolphins,Baltimore Ravens,10,59,,,,7.0,40.5,
2019-09-08,Minnesota Vikings,Atlanta Falcons,28,12,,,,-3.5,47.0,
2019-09-08,New York Jets,Buffalo Bills,16,17,,,,-2.5,41.0,
2019-09-08,Philadelphia Eagles,Washington Commanders,32,27,,,,-10.0,44.5,
2019-09-05,Chicago Bears,Green Bay Packers,3,10,,,,-3.0,46.5,